product_id,product_category_name,month_year,observed_demand,opening_stock,fulfilled_qty,lost_sales,ending_stock,inventory_position,reorder_point,safety_stock,lead_time_weeks,stockout_flag,sell_through_rate
bed1,bed_bath_table,2017-01-01,20,67,20,0,47,47,25,17,2,0,0.2985
bed1,bed_bath_table,2017-02-01,4,47,4,0,43,43,25,17,2,0,0.0851
bed1,bed_bath_table,2017-03-01,52,43,43,9,53,53,25,17,2,1,1.0
bed1,bed_bath_table,2017-04-01,18,53,18,0,35,35,25,17,2,0,0.3396
bed1,bed_bath_table,2017-05-01,5,35,5,0,30,30,25,17,2,0,0.1429
bed1,bed_bath_table,2017-07-01,12,30,12,0,53,53,25,17,2,0,0.4
bed1,bed_bath_table,2017-09-01,5,53,5,0,48,48,25,17,2,0,0.0943
bed1,bed_bath_table,2017-10-01,7,48,7,0,41,41,25,17,2,0,0.1458
bed1,bed_bath_table,2017-11-01,12,41,12,0,29,29,25,17,2,0,0.2927
bed1,bed_bath_table,2017-12-01,12,29,12,0,53,53,25,17,2,0,0.4138
bed1,bed_bath_table,2018-01-01,39,53,39,0,53,53,25,17,2,0,0.7358
bed1,bed_bath_table,2018-03-01,15,53,15,0,38,38,25,17,2,0,0.283
bed1,bed_bath_table,2018-05-01,4,38,4,0,34,34,25,17,2,0,0.1053
bed1,bed_bath_table,2018-06-01,9,34,9,0,56,56,25,17,2,0,0.2647
bed2,bed_bath_table,2017-02-01,7,78,7,0,71,71,26,22,1,0,0.0897
bed2,bed_bath_table,2017-04-01,17,71,17,0,54,54,26,22,1,0,0.2394
bed2,bed_bath_table,2017-05-01,9,54,9,0,45,45,26,22,1,0,0.1667
bed2,bed_bath_table,2017-06-01,18,45,18,0,27,27,26,22,1,0,0.4
bed2,bed_bath_table,2017-08-01,6,27,6,0,57,57,26,22,1,0,0.2222
bed2,bed_bath_table,2017-09-01,13,57,13,0,44,44,26,22,1,0,0.2281
bed2,bed_bath_table,2017-10-01,5,44,5,0,39,39,26,22,1,0,0.1136
bed2,bed_bath_table,2017-11-01,8,39,8,0,31,31,26,22,1,0,0.2051
bed2,bed_bath_table,2018-01-01,9,31,9,0,57,57,26,22,1,0,0.2903
bed2,bed_bath_table,2018-02-01,16,57,16,0,41,41,26,22,1,0,0.2807
bed2,bed_bath_table,2018-03-01,83,41,41,42,57,57,26,22,1,1,1.0
bed2,bed_bath_table,2018-05-01,12,57,12,0,45,45,26,22,1,0,0.2105
bed2,bed_bath_table,2018-07-01,15,45,15,0,30,30,26,22,1,0,0.3333
bed3,bed_bath_table,2017-02-01,20,54,20,0,34,34,25,10,5,0,0.3704
bed3,bed_bath_table,2017-04-01,17,34,17,0,48,48,25,10,5,0,0.5
bed3,bed_bath_table,2017-05-01,6,48,6,0,42,42,25,10,5,0,0.125
bed3,bed_bath_table,2017-06-01,17,42,17,0,50,50,25,10,5,0,0.4048
bed3,bed_bath_table,2017-08-01,8,50,8,0,42,42,25,10,5,0,0.16
bed3,bed_bath_table,2017-10-01,10,42,10,0,32,32,25,10,5,0,0.2381
bed3,bed_bath_table,2017-11-01,8,32,8,0,49,49,25,10,5,0,0.25
bed3,bed_bath_table,2017-12-01,9,49,9,0,40,40,25,10,5,0,0.1837
bed3,bed_bath_table,2018-01-01,8,40,8,0,32,32,25,10,5,0,0.2
bed3,bed_bath_table,2018-02-01,12,32,12,0,48,48,25,10,5,0,0.375
bed3,bed_bath_table,2018-03-01,21,48,21,0,27,27,25,10,5,0,0.4375
bed3,bed_bath_table,2018-04-01,13,27,13,0,48,48,25,10,5,0,0.4815
bed3,bed_bath_table,2018-06-01,19,48,19,0,29,29,25,10,5,0,0.3958
bed3,bed_bath_table,2018-07-01,6,29,6,0,48,48,25,10,5,0,0.2069
bed4,bed_bath_table,2017-01-01,28,74,28,0,46,46,32,15,4,0,0.3784
bed4,bed_bath_table,2017-02-01,8,46,8,0,38,38,32,15,4,0,0.1739
bed4,bed_bath_table,2017-05-01,15,38,15,0,65,65,32,15,4,0,0.3947
bed4,bed_bath_table,2017-06-01,14,65,14,0,51,51,32,15,4,0,0.2154
bed4,bed_bath_table,2017-08-01,8,51,8,0,43,43,32,15,4,0,0.1569
bed4,bed_bath_table,2017-10-01,13,43,13,0,66,66,32,15,4,0,0.3023
bed4,bed_bath_table,2017-11-01,7,66,7,0,59,59,32,15,4,0,0.1061
bed4,bed_bath_table,2018-02-01,24,59,24,0,35,35,32,15,4,0,0.4068
bed4,bed_bath_table,2018-03-01,35,35,35,0,65,65,32,15,4,0,1.0
bed4,bed_bath_table,2018-04-01,22,65,22,0,43,43,32,15,4,0,0.3385
bed4,bed_bath_table,2018-06-01,21,43,21,0,65,65,32,15,4,0,0.4884
bed4,bed_bath_table,2018-07-01,20,65,20,0,45,45,32,15,4,0,0.3077
bed4,bed_bath_table,2018-08-01,20,45,20,0,65,65,32,15,4,0,0.4444
bed5,bed_bath_table,2017-02-01,17,75,17,0,58,58,30,17,3,0,0.2267
bed5,bed_bath_table,2017-03-01,8,58,8,0,50,50,30,17,3,0,0.1379
bed5,bed_bath_table,2017-04-01,6,50,6,0,44,44,30,17,3,0,0.12
bed5,bed_bath_table,2017-05-01,50,44,44,6,62,62,30,17,3,1,1.0
bed5,bed_bath_table,2017-06-01,12,62,12,0,50,50,30,17,3,0,0.1935
bed5,bed_bath_table,2017-08-01,12,50,12,0,38,38,30,17,3,0,0.24
bed5,bed_bath_table,2017-10-01,5,38,5,0,33,33,30,17,3,0,0.1316
bed5,bed_bath_table,2017-11-01,18,33,18,0,62,62,30,17,3,0,0.5455
bed5,bed_bath_table,2018-02-01,20,62,20,0,42,42,30,17,3,0,0.3226
bed5,bed_bath_table,2018-03-01,16,42,16,0,62,62,30,17,3,0,0.381
bed5,bed_bath_table,2018-06-01,26,62,26,0,36,36,30,17,3,0,0.4194
bed5,bed_bath_table,2018-08-01,23,36,23,0,62,62,30,17,3,0,0.6389
computers1,computers_accessories,2017-03-01,17,58,17,0,41,41,21,14,2,0,0.2931
computers1,computers_accessories,2017-04-01,11,41,11,0,30,30,21,14,2,0,0.2683
computers1,computers_accessories,2017-05-01,12,30,12,0,48,48,21,14,2,0,0.4
computers1,computers_accessories,2017-07-01,4,48,4,0,44,44,21,14,2,0,0.0833
computers1,computers_accessories,2017-08-01,7,44,7,0,37,37,21,14,2,0,0.1591
computers1,computers_accessories,2017-09-01,8,37,8,0,29,29,21,14,2,0,0.2162
computers1,computers_accessories,2017-10-01,19,29,19,0,48,48,21,14,2,0,0.6552
computers1,computers_accessories,2017-11-01,38,48,38,0,48,48,21,14,2,0,0.7917
computers1,computers_accessories,2017-12-01,8,48,8,0,40,40,21,14,2,0,0.1667
computers1,computers_accessories,2018-03-01,25,40,25,0,48,48,21,14,2,0,0.625
computers1,computers_accessories,2018-04-01,9,48,9,0,39,39,21,14,2,0,0.1875
computers1,computers_accessories,2018-07-01,26,39,26,0,48,48,21,14,2,0,0.6667
computers1,computers_accessories,2018-08-01,10,48,10,0,38,38,21,14,2,0,0.2083
computers2,computers_accessories,2017-01-01,19,43,19,0,24,24,16,10,2,0,0.4419
computers2,computers_accessories,2017-05-01,8,24,8,0,39,39,16,10,2,0,0.3333
computers2,computers_accessories,2017-06-01,16,39,16,0,23,23,16,10,2,0,0.4103
computers2,computers_accessories,2017-07-01,4,23,4,0,19,19,16,10,2,0,0.1739
computers2,computers_accessories,2017-08-01,8,19,8,0,37,37,16,10,2,0,0.4211
computers2,computers_accessories,2017-09-01,10,37,10,0,27,27,16,10,2,0,0.2703
computers2,computers_accessories,2017-10-01,22,27,22,0,37,37,16,10,2,0,0.8148
computers2,computers_accessories,2018-01-01,8,37,8,0,29,29,16,10,2,0,0.2162
computers2,computers_accessories,2018-05-01,13,29,13,0,39,39,16,10,2,0,0.4483
computers2,computers_accessories,2018-06-01,8,39,8,0,31,31,16,10,2,0,0.2051
computers3,computers_accessories,2017-02-01,9,35,9,0,26,26,13,8,2,0,0.2571
computers3,computers_accessories,2017-03-01,16,26,16,0,31,31,13,8,2,0,0.6154
computers3,computers_accessories,2017-07-01,7,31,7,0,24,24,13,8,2,0,0.2258
computers3,computers_accessories,2017-08-01,8,24,8,0,16,16,13,8,2,0,0.3333
computers3,computers_accessories,2017-10-01,9,16,9,0,31,31,13,8,2,0,0.5625
computers3,computers_accessories,2017-11-01,13,31,13,0,18,18,13,8,2,0,0.4194
computers3,computers_accessories,2018-01-01,5,18,5,0,33,33,13,8,2,0,0.2778
computers3,computers_accessories,2018-03-01,8,33,8,0,25,25,13,8,2,0,0.2424
computers3,computers_accessories,2018-04-01,5,25,5,0,20,20,13,8,2,0,0.2
computers3,computers_accessories,2018-05-01,17,20,17,0,31,31,13,8,2,0,0.85
computers3,computers_accessories,2018-06-01,11,31,11,0,20,20,13,8,2,0,0.3548
computers3,computers_accessories,2018-07-01,11,20,11,0,31,31,13,8,2,0,0.55
computers4,computers_accessories,2017-03-01,6,34,6,0,28,28,13,8,2,0,0.1765
computers4,computers_accessories,2017-06-01,11,28,11,0,17,17,13,8,2,0,0.3929
computers4,computers_accessories,2017-07-01,4,17,4,0,31,31,13,8,2,0,0.2353
computers4,computers_accessories,2017-08-01,7,31,7,0,24,24,13,8,2,0,0.2258
computers4,computers_accessories,2017-09-01,5,24,5,0,19,19,13,8,2,0,0.2083
computers4,computers_accessories,2017-10-01,2,19,2,0,17,17,13,8,2,0,0.1053
computers4,computers_accessories,2017-12-01,15,17,15,0,29,29,13,8,2,0,0.8824
computers4,computers_accessories,2018-01-01,11,29,11,0,18,18,13,8,2,0,0.3793
computers4,computers_accessories,2018-02-01,10,18,10,0,29,29,13,8,2,0,0.5556
computers4,computers_accessories,2018-04-01,15,29,15,0,14,14,13,8,2,0,0.5172
computers4,computers_accessories,2018-05-01,16,14,14,2,29,29,13,8,2,1,1.0
computers4,computers_accessories,2018-06-01,5,29,5,0,24,24,13,8,2,0,0.1724
computers4,computers_accessories,2018-08-01,7,24,7,0,17,17,13,8,2,0,0.2917
computers5,computers_accessories,2017-01-01,32,127,32,0,95,95,46,30,2,0,0.252
computers5,computers_accessories,2017-03-01,23,95,23,0,72,72,46,30,2,0,0.2421
computers5,computers_accessories,2017-07-01,13,72,13,0,59,59,46,30,2,0,0.1806
computers5,computers_accessories,2017-08-01,39,59,39,0,107,107,46,30,2,0,0.661
computers5,computers_accessories,2017-10-01,35,107,35,0,72,72,46,30,2,0,0.3271
computers5,computers_accessories,2017-11-01,22,72,22,0,50,50,46,30,2,0,0.3056
computers5,computers_accessories,2017-12-01,15,50,15,0,107,107,46,30,2,0,0.3
computers5,computers_accessories,2018-02-01,74,107,74,0,107,107,46,30,2,0,0.6916
computers5,computers_accessories,2018-04-01,65,107,65,0,110,110,46,30,2,0,0.6075
computers5,computers_accessories,2018-05-01,16,110,16,0,94,94,46,30,2,0,0.1455
computers5,computers_accessories,2018-06-01,30,94,30,0,64,64,46,30,2,0,0.3191
computers5,computers_accessories,2018-07-01,42,64,42,0,107,107,46,30,2,0,0.6562
computers6,computers_accessories,2017-02-01,17,48,17,0,31,31,17,11,2,0,0.3542
computers6,computers_accessories,2017-03-01,6,31,6,0,25,25,17,11,2,0,0.1935
computers6,computers_accessories,2017-05-01,20,25,20,0,41,41,17,11,2,0,0.8
computers6,computers_accessories,2017-07-01,12,41,12,0,29,29,17,11,2,0,0.2927
computers6,computers_accessories,2017-10-01,4,29,4,0,25,25,17,11,2,0,0.1379
computers6,computers_accessories,2017-12-01,16,25,16,0,41,41,17,11,2,0,0.64
computers6,computers_accessories,2018-02-01,18,41,18,0,23,23,17,11,2,0,0.439
computers6,computers_accessories,2018-05-01,21,23,21,0,41,41,17,11,2,0,0.913
computers6,computers_accessories,2018-07-01,7,41,7,0,34,34,17,11,2,0,0.1707
computers6,computers_accessories,2018-08-01,8,34,8,0,26,26,17,11,2,0,0.2353
consoles1,consoles_games,2017-03-01,12,89,12,0,77,77,35,20,3,0,0.1348
consoles1,consoles_games,2017-04-01,21,77,21,0,56,56,35,20,3,0,0.2727
consoles1,consoles_games,2017-06-01,5,56,5,0,51,51,35,20,3,0,0.0893
consoles1,consoles_games,2017-07-01,9,51,9,0,42,42,35,20,3,0,0.1765
consoles1,consoles_games,2017-08-01,12,42,12,0,74,74,35,20,3,0,0.2857
consoles1,consoles_games,2017-09-01,16,74,16,0,58,58,35,20,3,0,0.2162
consoles1,consoles_games,2017-10-01,18,58,18,0,40,40,35,20,3,0,0.3103
consoles1,consoles_games,2018-01-01,51,40,40,11,74,74,35,20,3,1,1.0
consoles1,consoles_games,2018-03-01,18,74,18,0,56,56,35,20,3,0,0.2432
consoles1,consoles_games,2018-04-01,44,56,44,0,74,74,35,20,3,0,0.7857
consoles1,consoles_games,2018-05-01,35,74,35,0,39,39,35,20,3,0,0.473
consoles1,consoles_games,2018-06-01,10,39,10,0,74,74,35,20,3,0,0.2564
consoles1,consoles_games,2018-07-01,27,74,27,0,47,47,35,20,3,0,0.3649
consoles2,consoles_games,2017-01-01,21,54,21,0,33,33,19,12,2,0,0.3889
consoles2,consoles_games,2017-03-01,5,33,5,0,28,28,19,12,2,0,0.1515
consoles2,consoles_games,2017-04-01,16,28,16,0,47,47,19,12,2,0,0.5714
consoles2,consoles_games,2017-05-01,4,47,4,0,43,43,19,12,2,0,0.0851
consoles2,consoles_games,2017-06-01,16,43,16,0,27,27,19,12,2,0,0.3721
consoles2,consoles_games,2017-08-01,21,27,21,0,47,47,19,12,2,0,0.7778
consoles2,consoles_games,2017-09-01,6,47,6,0,41,41,19,12,2,0,0.1277
consoles2,consoles_games,2017-10-01,10,41,10,0,31,31,19,12,2,0,0.2439
consoles2,consoles_games,2017-11-01,25,31,25,0,47,47,19,12,2,0,0.8065
consoles2,consoles_games,2017-12-01,16,47,16,0,31,31,19,12,2,0,0.3404
consoles2,consoles_games,2018-01-01,6,31,6,0,25,25,19,12,2,0,0.1935
consoles2,consoles_games,2018-02-01,21,25,21,0,47,47,19,12,2,0,0.84
consoles2,consoles_games,2018-03-01,17,47,17,0,30,30,19,12,2,0,0.3617
consoles2,consoles_games,2018-04-01,14,30,14,0,47,47,19,12,2,0,0.4667
consoles2,consoles_games,2018-05-01,17,47,17,0,30,30,19,12,2,0,0.3617
consoles2,consoles_games,2018-06-01,15,30,15,0,47,47,19,12,2,0,0.5
consoles2,consoles_games,2018-08-01,26,47,26,0,21,21,19,12,2,0,0.5532
cool1,cool_stuff,2017-02-01,16,54,16,0,38,38,19,12,2,0,0.2963
cool1,cool_stuff,2017-03-01,25,38,25,0,46,46,19,12,2,0,0.6579
cool1,cool_stuff,2017-05-01,11,46,11,0,35,35,19,12,2,0,0.2391
cool1,cool_stuff,2017-06-01,3,35,3,0,32,32,19,12,2,0,0.0857
cool1,cool_stuff,2017-07-01,11,32,11,0,21,21,19,12,2,0,0.3438
cool1,cool_stuff,2017-08-01,7,21,7,0,46,46,19,12,2,0,0.3333
cool1,cool_stuff,2017-09-01,20,46,20,0,26,26,19,12,2,0,0.4348
cool1,cool_stuff,2017-10-01,6,26,6,0,20,20,19,12,2,0,0.2308
cool1,cool_stuff,2018-02-01,8,20,8,0,46,46,19,12,2,0,0.4
cool1,cool_stuff,2018-03-01,18,46,18,0,28,28,19,12,2,0,0.3913
cool1,cool_stuff,2018-04-01,19,28,19,0,46,46,19,12,2,0,0.6786
cool1,cool_stuff,2018-06-01,19,46,19,0,27,27,19,12,2,0,0.413
cool1,cool_stuff,2018-07-01,26,27,26,0,46,46,19,12,2,0,0.963
cool1,cool_stuff,2018-08-01,17,46,17,0,29,29,19,12,2,0,0.3696
cool2,cool_stuff,2017-01-01,7,41,7,0,34,34,15,9,2,0,0.1707
cool2,cool_stuff,2017-04-01,14,34,14,0,20,20,15,9,2,0,0.4118
cool2,cool_stuff,2017-05-01,14,20,14,0,36,36,15,9,2,0,0.7
cool2,cool_stuff,2017-06-01,10,36,10,0,26,26,15,9,2,0,0.2778
cool2,cool_stuff,2017-10-01,18,26,18,0,36,36,15,9,2,0,0.6923
cool2,cool_stuff,2018-03-01,11,36,11,0,25,25,15,9,2,0,0.3056
cool2,cool_stuff,2018-04-01,11,25,11,0,37,37,15,9,2,0,0.44
cool2,cool_stuff,2018-05-01,5,37,5,0,32,32,15,9,2,0,0.1351
cool2,cool_stuff,2018-06-01,18,32,18,0,37,37,15,9,2,0,0.5625
cool2,cool_stuff,2018-08-01,8,37,8,0,29,29,15,9,2,0,0.2162
cool3,cool_stuff,2017-01-01,11,95,11,0,84,84,35,25,2,0,0.1158
cool3,cool_stuff,2017-02-01,20,84,20,0,64,64,35,25,2,0,0.2381
cool3,cool_stuff,2017-04-01,18,64,18,0,46,46,35,25,2,0,0.2812
cool3,cool_stuff,2017-05-01,10,46,10,0,36,36,35,25,2,0,0.2174
cool3,cool_stuff,2017-06-01,17,36,17,0,74,74,35,25,2,0,0.4722
cool3,cool_stuff,2017-07-01,11,74,11,0,63,63,35,25,2,0,0.1486
cool3,cool_stuff,2017-08-01,17,63,17,0,46,46,35,25,2,0,0.2698
cool3,cool_stuff,2017-09-01,18,46,18,0,74,74,35,25,2,0,0.3913
cool3,cool_stuff,2017-12-01,12,74,12,0,62,62,35,25,2,0,0.1622
cool3,cool_stuff,2018-02-01,13,62,13,0,49,49,35,25,2,0,0.2097
cool3,cool_stuff,2018-03-01,12,49,12,0,37,37,35,25,2,0,0.2449
cool3,cool_stuff,2018-05-01,35,37,35,0,74,74,35,25,2,0,0.9459
cool3,cool_stuff,2018-06-01,86,74,74,12,74,74,35,25,2,1,1.0
cool4,cool_stuff,2017-02-01,6,110,6,0,104,104,40,28,2,0,0.0545
cool4,cool_stuff,2017-03-01,13,104,13,0,91,91,40,28,2,0,0.125
cool4,cool_stuff,2017-04-01,14,91,14,0,77,77,40,28,2,0,0.1538
cool4,cool_stuff,2017-05-01,36,77,36,0,41,41,40,28,2,0,0.4675
cool4,cool_stuff,2017-06-01,19,41,19,0,87,87,40,28,2,0,0.4634
cool4,cool_stuff,2017-07-01,19,87,19,0,68,68,40,28,2,0,0.2184
cool4,cool_stuff,2017-08-01,15,68,15,0,53,53,40,28,2,0,0.2206
cool4,cool_stuff,2017-09-01,19,53,19,0,87,87,40,28,2,0,0.3585
cool4,cool_stuff,2017-10-01,13,87,13,0,74,74,40,28,2,0,0.1494
cool4,cool_stuff,2017-12-01,26,74,26,0,48,48,40,28,2,0,0.3514
cool4,cool_stuff,2018-02-01,44,48,44,0,87,87,40,28,2,0,0.9167
cool4,cool_stuff,2018-03-01,27,87,27,0,60,60,40,28,2,0,0.3103
cool4,cool_stuff,2018-04-01,4,60,4,0,56,56,40,28,2,0,0.0667
cool4,cool_stuff,2018-05-01,19,56,19,0,89,89,40,28,2,0,0.3393
cool4,cool_stuff,2018-06-01,30,89,30,0,59,59,40,28,2,0,0.3371
cool4,cool_stuff,2018-07-01,104,59,59,45,87,87,40,28,2,1,1.0
cool4,cool_stuff,2018-08-01,31,87,31,0,56,56,40,28,2,0,0.3563
cool5,cool_stuff,2017-01-01,19,173,19,0,154,154,63,44,2,0,0.1098
cool5,cool_stuff,2017-04-01,13,154,13,0,141,141,63,44,2,0,0.0844
cool5,cool_stuff,2017-05-01,22,141,22,0,119,119,63,44,2,0,0.156
cool5,cool_stuff,2017-06-01,11,119,11,0,108,108,63,44,2,0,0.0924
cool5,cool_stuff,2017-07-01,21,108,21,0,87,87,63,44,2,0,0.1944
cool5,cool_stuff,2017-08-01,35,87,35,0,137,137,63,44,2,0,0.4023
cool5,cool_stuff,2017-09-01,30,137,30,0,107,107,63,44,2,0,0.219
cool5,cool_stuff,2017-10-01,25,107,25,0,82,82,63,44,2,0,0.2336
cool5,cool_stuff,2017-11-01,45,82,45,0,137,137,63,44,2,0,0.5488
cool5,cool_stuff,2017-12-01,135,137,135,0,137,137,63,44,2,0,0.9854
cool5,cool_stuff,2018-02-01,58,137,58,0,79,79,63,44,2,0,0.4234
cool5,cool_stuff,2018-07-01,73,79,73,0,137,137,63,44,2,0,0.9241
furniture1,furniture_decor,2017-02-01,12,71,12,0,59,59,32,15,5,0,0.169
furniture1,furniture_decor,2017-03-01,26,59,26,0,33,33,32,15,5,0,0.4407
furniture1,furniture_decor,2017-04-01,15,33,15,0,59,59,32,15,5,0,0.4545
furniture1,furniture_decor,2017-05-01,7,59,7,0,52,52,32,15,5,0,0.1186
furniture1,furniture_decor,2017-08-01,8,52,8,0,44,44,32,15,5,0,0.1538
furniture1,furniture_decor,2017-09-01,11,44,11,0,33,33,32,15,5,0,0.25
furniture1,furniture_decor,2017-10-01,13,33,13,0,59,59,32,15,5,0,0.3939
furniture1,furniture_decor,2018-01-01,7,59,7,0,52,52,32,15,5,0,0.1186
furniture1,furniture_decor,2018-02-01,15,52,15,0,37,37,32,15,5,0,0.2885
furniture1,furniture_decor,2018-04-01,47,37,37,10,59,59,32,15,5,1,1.0
furniture1,furniture_decor,2018-06-01,10,59,10,0,49,49,32,15,5,0,0.1695
furniture1,furniture_decor,2018-07-01,9,49,9,0,40,40,32,15,5,0,0.1837
furniture1,furniture_decor,2018-08-01,8,40,8,0,61,61,32,15,5,0,0.2
furniture2,furniture_decor,2017-01-01,22,52,22,0,30,30,24,10,5,0,0.4231
furniture2,furniture_decor,2017-05-01,11,30,11,0,46,46,24,10,5,0,0.3667
furniture2,furniture_decor,2017-08-01,5,46,5,0,41,41,24,10,5,0,0.1087
furniture2,furniture_decor,2017-11-01,18,41,18,0,47,47,24,10,5,0,0.439
furniture2,furniture_decor,2017-12-01,16,47,16,0,31,31,24,10,5,0,0.3404
furniture2,furniture_decor,2018-01-01,9,31,9,0,46,46,24,10,5,0,0.2903
furniture2,furniture_decor,2018-02-01,16,46,16,0,30,30,24,10,5,0,0.3478
furniture2,furniture_decor,2018-04-01,11,30,11,0,46,46,24,10,5,0,0.3667
furniture2,furniture_decor,2018-05-01,17,46,17,0,29,29,24,10,5,0,0.3696
furniture2,furniture_decor,2018-06-01,7,29,7,0,46,46,24,10,5,0,0.2414
furniture2,furniture_decor,2018-07-01,3,46,3,0,43,43,24,10,5,0,0.0652
furniture2,furniture_decor,2018-08-01,10,43,10,0,33,33,24,10,5,0,0.2326
furniture3,furniture_decor,2017-02-01,10,47,10,0,37,37,22,9,5,0,0.2128
furniture3,furniture_decor,2017-03-01,9,37,9,0,28,28,22,9,5,0,0.2432
furniture3,furniture_decor,2017-04-01,20,28,20,0,42,42,22,9,5,0,0.7143
furniture3,furniture_decor,2017-05-01,10,42,10,0,32,32,22,9,5,0,0.2381
furniture3,furniture_decor,2017-06-01,12,32,12,0,42,42,22,9,5,0,0.375
furniture3,furniture_decor,2017-09-01,9,42,9,0,33,33,22,9,5,0,0.2143
furniture3,furniture_decor,2017-10-01,5,33,5,0,28,28,22,9,5,0,0.1515
furniture3,furniture_decor,2017-12-01,11,28,11,0,42,42,22,9,5,0,0.3929
furniture3,furniture_decor,2018-02-01,12,42,12,0,30,30,22,9,5,0,0.2857
furniture3,furniture_decor,2018-04-01,10,30,10,0,42,42,22,9,5,0,0.3333
furniture3,furniture_decor,2018-06-01,19,42,19,0,23,23,22,9,5,0,0.4524
furniture3,furniture_decor,2018-07-01,10,23,10,0,42,42,22,9,5,0,0.4348
furniture3,furniture_decor,2018-08-01,5,42,5,0,37,37,22,9,5,0,0.119
furniture4,furniture_decor,2017-02-01,5,88,5,0,83,83,40,18,5,0,0.0568
furniture4,furniture_decor,2017-03-01,8,83,8,0,75,75,40,18,5,0,0.0964
furniture4,furniture_decor,2017-04-01,28,75,28,0,47,47,40,18,5,0,0.3733
furniture4,furniture_decor,2017-07-01,10,47,10,0,74,74,40,18,5,0,0.2128
furniture4,furniture_decor,2017-08-01,15,74,15,0,59,59,40,18,5,0,0.2027
furniture4,furniture_decor,2017-09-01,39,59,39,0,74,74,40,18,5,0,0.661
furniture4,furniture_decor,2017-10-01,8,74,8,0,66,66,40,18,5,0,0.1081
furniture4,furniture_decor,2017-11-01,25,66,25,0,41,41,40,18,5,0,0.3788
furniture4,furniture_decor,2017-12-01,5,41,5,0,74,74,40,18,5,0,0.122
furniture4,furniture_decor,2018-01-01,51,74,51,0,74,74,40,18,5,0,0.6892
furniture4,furniture_decor,2018-02-01,15,74,15,0,59,59,40,18,5,0,0.2027
furniture4,furniture_decor,2018-04-01,21,59,21,0,75,75,40,18,5,0,0.3559
furniture4,furniture_decor,2018-05-01,21,75,21,0,54,54,40,18,5,0,0.28
furniture4,furniture_decor,2018-07-01,14,54,14,0,77,77,40,18,5,0,0.2593
furniture4,furniture_decor,2018-08-01,11,77,11,0,66,66,40,18,5,0,0.1429
garden1,garden_tools,2017-01-01,6,74,6,0,68,68,30,19,3,0,0.0811
garden1,garden_tools,2017-02-01,11,68,11,0,57,57,30,19,3,0,0.1618
garden1,garden_tools,2017-04-01,9,57,9,0,48,48,30,19,3,0,0.1579
garden1,garden_tools,2017-05-01,2,48,2,0,46,46,30,19,3,0,0.0417
garden1,garden_tools,2017-06-01,13,46,13,0,33,33,30,19,3,0,0.2826
garden1,garden_tools,2017-07-01,5,33,5,0,58,58,30,19,3,0,0.1515
garden1,garden_tools,2017-08-01,6,58,6,0,52,52,30,19,3,0,0.1034
garden1,garden_tools,2017-10-01,14,52,14,0,38,38,30,19,3,0,0.2692
garden1,garden_tools,2017-11-01,13,38,13,0,57,57,30,19,3,0,0.3421
garden1,garden_tools,2018-02-01,69,57,57,12,57,57,30,19,3,1,1.0
garden1,garden_tools,2018-05-01,23,57,23,0,34,34,30,19,3,0,0.4035
garden1,garden_tools,2018-06-01,12,34,12,0,57,57,30,19,3,0,0.3529
garden1,garden_tools,2018-07-01,18,57,18,0,39,39,30,19,3,0,0.3158
garden1,garden_tools,2018-08-01,8,39,8,0,31,31,30,19,3,0,0.2051
garden10,garden_tools,2017-02-01,8,45,8,0,37,37,16,10,2,0,0.1778
garden10,garden_tools,2017-04-01,12,37,12,0,25,25,16,10,2,0,0.3243
garden10,garden_tools,2017-05-01,9,25,9,0,41,41,16,10,2,0,0.36
garden10,garden_tools,2017-07-01,12,41,12,0,29,29,16,10,2,0,0.2927
garden10,garden_tools,2017-09-01,11,29,11,0,18,18,16,10,2,0,0.3793
garden10,garden_tools,2017-11-01,8,18,8,0,39,39,16,10,2,0,0.4444
garden10,garden_tools,2017-12-01,11,39,11,0,28,28,16,10,2,0,0.2821
garden10,garden_tools,2018-02-01,22,28,22,0,39,39,16,10,2,0,0.7857
garden10,garden_tools,2018-05-01,24,39,24,0,40,40,16,10,2,0,0.6154
garden10,garden_tools,2018-06-01,12,40,12,0,28,28,16,10,2,0,0.3
garden10,garden_tools,2018-07-01,10,28,10,0,18,18,16,10,2,0,0.3571
garden2,garden_tools,2017-02-01,27,58,27,0,31,31,27,12,5,0,0.4655
garden2,garden_tools,2017-03-01,27,31,27,0,50,50,27,12,5,0,0.871
garden2,garden_tools,2017-04-01,9,50,9,0,41,41,27,12,5,0,0.18
garden2,garden_tools,2017-05-01,9,41,9,0,32,32,27,12,5,0,0.2195
garden2,garden_tools,2017-06-01,10,32,10,0,50,50,27,12,5,0,0.3125
garden2,garden_tools,2017-07-01,5,50,5,0,45,45,27,12,5,0,0.1
garden2,garden_tools,2017-08-01,8,45,8,0,37,37,27,12,5,0,0.1778
garden2,garden_tools,2017-09-01,12,37,12,0,50,50,27,12,5,0,0.3243
garden2,garden_tools,2017-10-01,5,50,5,0,45,45,27,12,5,0,0.1
garden2,garden_tools,2017-11-01,18,45,18,0,52,52,27,12,5,0,0.4
garden2,garden_tools,2017-12-01,8,52,8,0,44,44,27,12,5,0,0.1538
garden2,garden_tools,2018-02-01,11,44,11,0,33,33,27,12,5,0,0.25
garden2,garden_tools,2018-03-01,7,33,7,0,51,51,27,12,5,0,0.2121
garden2,garden_tools,2018-05-01,17,51,17,0,34,34,27,12,5,0,0.3333
garden2,garden_tools,2018-06-01,7,34,7,0,52,52,27,12,5,0,0.2059
garden2,garden_tools,2018-07-01,23,52,23,0,29,29,27,12,5,0,0.4423
garden3,garden_tools,2017-01-01,6,41,6,0,35,35,15,10,2,0,0.1463
garden3,garden_tools,2017-02-01,9,35,9,0,26,26,15,10,2,0,0.2571
garden3,garden_tools,2017-06-01,5,26,5,0,21,21,15,10,2,0,0.1923
garden3,garden_tools,2017-07-01,6,21,6,0,36,36,15,10,2,0,0.2857
garden3,garden_tools,2017-08-01,3,36,3,0,33,33,15,10,2,0,0.0833
garden3,garden_tools,2017-09-01,7,33,7,0,26,26,15,10,2,0,0.2121
garden3,garden_tools,2017-10-01,10,26,10,0,16,16,15,10,2,0,0.3846
garden3,garden_tools,2017-11-01,10,16,10,0,35,35,15,10,2,0,0.625
garden3,garden_tools,2017-12-01,12,35,12,0,23,23,15,10,2,0,0.3429
garden3,garden_tools,2018-01-01,12,23,12,0,35,35,15,10,2,0,0.5217
garden3,garden_tools,2018-04-01,19,35,19,0,16,16,15,10,2,0,0.5429
garden3,garden_tools,2018-05-01,24,16,16,8,35,35,15,10,2,1,1.0
garden3,garden_tools,2018-06-01,16,35,16,0,19,19,15,10,2,0,0.4571
garden4,garden_tools,2017-02-01,16,59,16,0,43,43,26,12,4,0,0.2712
garden4,garden_tools,2017-04-01,10,43,10,0,33,33,26,12,4,0,0.2326
garden4,garden_tools,2017-07-01,10,33,10,0,52,52,26,12,4,0,0.303
garden4,garden_tools,2017-08-01,13,52,13,0,39,39,26,12,4,0,0.25
garden4,garden_tools,2017-09-01,3,39,3,0,36,36,26,12,4,0,0.0769
garden4,garden_tools,2017-11-01,26,36,26,0,52,52,26,12,4,0,0.7222
garden4,garden_tools,2017-12-01,19,52,19,0,33,33,26,12,4,0,0.3654
garden4,garden_tools,2018-01-01,11,33,11,0,52,52,26,12,4,0,0.3333
garden4,garden_tools,2018-03-01,24,52,24,0,28,28,26,12,4,0,0.4615
garden4,garden_tools,2018-04-01,18,28,18,0,52,52,26,12,4,0,0.6429
garden4,garden_tools,2018-06-01,10,52,10,0,42,42,26,12,4,0,0.1923
garden4,garden_tools,2018-07-01,10,42,10,0,32,32,26,12,4,0,0.2381
garden4,garden_tools,2018-08-01,14,32,14,0,52,52,26,12,4,0,0.4375
garden5,garden_tools,2017-03-01,26,53,26,0,27,27,17,13,1,0,0.4906
garden5,garden_tools,2017-04-01,14,27,14,0,46,46,17,13,1,0,0.5185
garden5,garden_tools,2017-05-01,9,46,9,0,37,37,17,13,1,0,0.1957
garden5,garden_tools,2017-08-01,31,37,31,0,46,46,17,13,1,0,0.8378
garden5,garden_tools,2017-09-01,14,46,14,0,32,32,17,13,1,0,0.3043
garden5,garden_tools,2017-12-01,15,32,15,0,49,49,17,13,1,0,0.4688
garden5,garden_tools,2018-02-01,10,49,10,0,39,39,17,13,1,0,0.2041
garden5,garden_tools,2018-03-01,17,39,17,0,22,22,17,13,1,0,0.4359
garden5,garden_tools,2018-04-01,15,22,15,0,46,46,17,13,1,0,0.6818
garden5,garden_tools,2018-06-01,6,46,6,0,40,40,17,13,1,0,0.1304
garden5,garden_tools,2018-07-01,19,40,19,0,21,21,17,13,1,0,0.475
garden5,garden_tools,2018-08-01,15,21,15,0,46,46,17,13,1,0,0.7143
garden6,garden_tools,2017-03-01,26,61,26,0,35,35,25,14,3,0,0.4262
garden6,garden_tools,2017-04-01,34,35,34,0,52,52,25,14,3,0,0.9714
garden6,garden_tools,2017-05-01,8,52,8,0,44,44,25,14,3,0,0.1538
garden6,garden_tools,2017-06-01,22,44,22,0,52,52,25,14,3,0,0.5
garden6,garden_tools,2017-07-01,12,52,12,0,40,40,25,14,3,0,0.2308
garden6,garden_tools,2017-09-01,10,40,10,0,30,30,25,14,3,0,0.25
garden6,garden_tools,2017-11-01,8,30,8,0,52,52,25,14,3,0,0.2667
garden6,garden_tools,2017-12-01,10,52,10,0,42,42,25,14,3,0,0.1923
garden6,garden_tools,2018-02-01,17,42,17,0,55,55,25,14,3,0,0.4048
garden6,garden_tools,2018-04-01,9,55,9,0,46,46,25,14,3,0,0.1636
garden6,garden_tools,2018-06-01,8,46,8,0,38,38,25,14,3,0,0.1739
garden7,garden_tools,2017-05-01,24,61,24,0,37,37,28,12,5,0,0.3934
garden7,garden_tools,2017-06-01,6,37,6,0,31,31,28,12,5,0,0.1622
garden7,garden_tools,2017-08-01,22,31,22,0,53,53,28,12,5,0,0.7097
garden7,garden_tools,2017-09-01,16,53,16,0,37,37,28,12,5,0,0.3019
garden7,garden_tools,2017-11-01,7,37,7,0,30,30,28,12,5,0,0.1892
garden7,garden_tools,2018-03-01,8,30,8,0,53,53,28,12,5,0,0.2667
garden7,garden_tools,2018-04-01,21,53,21,0,32,32,28,12,5,0,0.3962
garden7,garden_tools,2018-06-01,6,32,6,0,54,54,28,12,5,0,0.1875
garden8,garden_tools,2017-01-01,6,60,6,0,54,54,22,14,2,0,0.1
garden8,garden_tools,2017-02-01,5,54,5,0,49,49,22,14,2,0,0.0926
garden8,garden_tools,2017-03-01,16,49,16,0,33,33,22,14,2,0,0.3265
garden8,garden_tools,2017-04-01,18,33,18,0,51,51,22,14,2,0,0.5455
garden8,garden_tools,2017-06-01,9,51,9,0,42,42,22,14,2,0,0.1765
garden8,garden_tools,2018-01-01,31,42,31,0,51,51,22,14,2,0,0.7381
garden8,garden_tools,2018-02-01,11,51,11,0,40,40,22,14,2,0,0.2157
garden8,garden_tools,2018-03-01,14,40,14,0,26,26,22,14,2,0,0.35
garden8,garden_tools,2018-04-01,20,26,20,0,51,51,22,14,2,0,0.7692
garden8,garden_tools,2018-05-01,14,51,14,0,37,37,22,14,2,0,0.2745
garden8,garden_tools,2018-07-01,30,37,30,0,51,51,22,14,2,0,0.8108
garden8,garden_tools,2018-08-01,19,51,19,0,32,32,22,14,2,0,0.3725
garden9,garden_tools,2017-01-01,13,74,13,0,61,61,32,16,4,0,0.1757
garden9,garden_tools,2017-02-01,10,61,10,0,51,51,32,16,4,0,0.1639
garden9,garden_tools,2017-03-01,8,51,8,0,43,43,32,16,4,0,0.1569
garden9,garden_tools,2017-05-01,12,43,12,0,64,64,32,16,4,0,0.2791
garden9,garden_tools,2017-06-01,10,64,10,0,54,54,32,16,4,0,0.1562
garden9,garden_tools,2017-07-01,37,54,37,0,62,62,32,16,4,0,0.6852
garden9,garden_tools,2017-08-01,23,62,23,0,39,39,32,16,4,0,0.371
garden9,garden_tools,2017-09-01,9,39,9,0,63,63,32,16,4,0,0.2308
garden9,garden_tools,2017-12-01,14,63,14,0,49,49,32,16,4,0,0.2222
garden9,garden_tools,2018-01-01,7,49,7,0,42,42,32,16,4,0,0.1429
garden9,garden_tools,2018-03-01,22,42,22,0,62,62,32,16,4,0,0.5238
garden9,garden_tools,2018-05-01,43,62,43,0,62,62,32,16,4,0,0.6935
garden9,garden_tools,2018-08-01,8,62,8,0,54,54,32,16,4,0,0.129
health1,health_beauty,2017-03-01,27,54,27,0,27,27,19,12,2,0,0.5
health1,health_beauty,2017-04-01,18,27,18,0,47,47,19,12,2,0,0.6667
health1,health_beauty,2017-05-01,16,47,16,0,31,31,19,12,2,0,0.3404
health1,health_beauty,2017-06-01,14,31,14,0,47,47,19,12,2,0,0.4516
health1,health_beauty,2017-07-01,25,47,25,0,22,22,19,12,2,0,0.5319
health1,health_beauty,2017-08-01,13,22,13,0,47,47,19,12,2,0,0.5909
health1,health_beauty,2017-09-01,8,47,8,0,39,39,19,12,2,0,0.1702
health1,health_beauty,2017-10-01,6,39,6,0,33,33,19,12,2,0,0.1538
health1,health_beauty,2017-12-01,12,33,12,0,21,21,19,12,2,0,0.3636
health1,health_beauty,2018-01-01,16,21,16,0,47,47,19,12,2,0,0.7619
health1,health_beauty,2018-02-01,23,47,23,0,24,24,19,12,2,0,0.4894
health1,health_beauty,2018-03-01,15,24,15,0,47,47,19,12,2,0,0.625
health1,health_beauty,2018-06-01,10,47,10,0,37,37,19,12,2,0,0.2128
health1,health_beauty,2018-08-01,9,37,9,0,28,28,19,12,2,0,0.2432
health10,health_beauty,2017-01-01,12,55,12,0,43,43,18,14,1,0,0.2182
health10,health_beauty,2017-03-01,22,43,22,0,21,21,18,14,1,0,0.5116
health10,health_beauty,2017-04-01,12,21,12,0,45,45,18,14,1,0,0.5714
health10,health_beauty,2017-05-01,8,45,8,0,37,37,18,14,1,0,0.1778
health10,health_beauty,2017-06-01,9,37,9,0,28,28,18,14,1,0,0.2432
health10,health_beauty,2017-07-01,8,28,8,0,20,20,18,14,1,0,0.2857
health10,health_beauty,2017-08-01,13,20,13,0,45,45,18,14,1,0,0.65
health10,health_beauty,2017-09-01,8,45,8,0,37,37,18,14,1,0,0.1778
health10,health_beauty,2017-11-01,43,37,37,6,45,45,18,14,1,1,1.0
health10,health_beauty,2018-02-01,18,45,18,0,27,27,18,14,1,0,0.4
health10,health_beauty,2018-03-01,22,27,22,0,45,45,18,14,1,0,0.8148
health10,health_beauty,2018-04-01,11,45,11,0,34,34,18,14,1,0,0.2444
health10,health_beauty,2018-06-01,15,34,15,0,19,19,18,14,1,0,0.4412
health10,health_beauty,2018-07-01,6,19,6,0,45,45,18,14,1,0,0.3158
health10,health_beauty,2018-08-01,11,45,11,0,34,34,18,14,1,0,0.2444
health2,health_beauty,2017-04-01,24,62,24,0,38,38,27,13,4,0,0.3871
health2,health_beauty,2017-05-01,17,38,17,0,53,53,27,13,4,0,0.4474
health2,health_beauty,2017-07-01,11,53,11,0,42,42,27,13,4,0,0.2075
health2,health_beauty,2017-09-01,9,42,9,0,33,33,27,13,4,0,0.2143
health2,health_beauty,2017-10-01,8,33,8,0,53,53,27,13,4,0,0.2424
health2,health_beauty,2017-11-01,32,53,32,0,53,53,27,13,4,0,0.6038
health2,health_beauty,2017-12-01,5,53,5,0,48,48,27,13,4,0,0.0943
health2,health_beauty,2018-01-01,9,48,9,0,39,39,27,13,4,0,0.1875
health2,health_beauty,2018-04-01,11,39,11,0,28,28,27,13,4,0,0.2821
health2,health_beauty,2018-08-01,16,28,16,0,53,53,27,13,4,0,0.5714
health3,health_beauty,2017-02-01,20,51,20,0,31,31,17,13,1,0,0.3922
health3,health_beauty,2017-04-01,5,31,5,0,26,26,17,13,1,0,0.1613
health3,health_beauty,2017-06-01,10,26,10,0,44,44,17,13,1,0,0.3846
health3,health_beauty,2017-07-01,7,44,7,0,37,37,17,13,1,0,0.1591
health3,health_beauty,2017-09-01,11,37,11,0,26,26,17,13,1,0,0.2973
health3,health_beauty,2017-10-01,11,26,11,0,43,43,17,13,1,0,0.4231
health3,health_beauty,2017-11-01,8,43,8,0,35,35,17,13,1,0,0.186
health3,health_beauty,2017-12-01,37,35,35,2,42,42,17,13,1,1,1.0
health3,health_beauty,2018-01-01,16,42,16,0,26,26,17,13,1,0,0.381
health3,health_beauty,2018-02-01,10,26,10,0,44,44,17,13,1,0,0.3846
health3,health_beauty,2018-05-01,22,44,22,0,22,22,17,13,1,0,0.5
health3,health_beauty,2018-06-01,15,22,15,0,42,42,17,13,1,0,0.6818
health3,health_beauty,2018-08-01,8,42,8,0,34,34,17,13,1,0,0.1905
health4,health_beauty,2017-01-01,14,62,14,0,48,48,25,14,3,0,0.2258
health4,health_beauty,2017-02-01,7,48,7,0,41,41,25,14,3,0,0.1458
health4,health_beauty,2017-03-01,19,41,19,0,53,53,25,14,3,0,0.4634
health4,health_beauty,2017-04-01,17,53,17,0,36,36,25,14,3,0,0.3208
health4,health_beauty,2017-05-01,16,36,16,0,53,53,25,14,3,0,0.4444
health4,health_beauty,2017-06-01,10,53,10,0,43,43,25,14,3,0,0.1887
health4,health_beauty,2017-08-01,5,43,5,0,38,38,25,14,3,0,0.1163
health4,health_beauty,2017-09-01,8,38,8,0,30,30,25,14,3,0,0.2105
health4,health_beauty,2017-11-01,8,30,8,0,53,53,25,14,3,0,0.2667
health4,health_beauty,2017-12-01,18,53,18,0,35,35,25,14,3,0,0.3396
health4,health_beauty,2018-02-01,25,35,25,0,53,53,25,14,3,0,0.7143
health4,health_beauty,2018-04-01,38,53,38,0,53,53,25,14,3,0,0.717
health4,health_beauty,2018-05-01,10,53,10,0,43,43,25,14,3,0,0.1887
health4,health_beauty,2018-06-01,12,43,12,0,31,31,25,14,3,0,0.2791
health4,health_beauty,2018-07-01,22,31,22,0,53,53,25,14,3,0,0.7097
health5,health_beauty,2017-01-01,9,37,9,0,28,28,18,7,5,0,0.2432
health5,health_beauty,2017-03-01,4,28,4,0,24,24,18,7,5,0,0.1429
health5,health_beauty,2017-04-01,14,24,14,0,34,34,18,7,5,0,0.5833
health5,health_beauty,2017-05-01,7,34,7,0,27,27,18,7,5,0,0.2059
health5,health_beauty,2017-06-01,8,27,8,0,19,19,18,7,5,0,0.2963
health5,health_beauty,2017-07-01,14,19,14,0,34,34,18,7,5,0,0.7368
health5,health_beauty,2017-09-01,7,34,7,0,27,27,18,7,5,0,0.2059
health5,health_beauty,2017-10-01,9,27,9,0,36,36,18,7,5,0,0.3333
health5,health_beauty,2017-11-01,11,36,11,0,25,25,18,7,5,0,0.3056
health5,health_beauty,2017-12-01,6,25,6,0,19,19,18,7,5,0,0.24
health5,health_beauty,2018-02-01,9,19,9,0,34,34,18,7,5,0,0.4737
health5,health_beauty,2018-03-01,7,34,7,0,27,27,18,7,5,0,0.2059
health5,health_beauty,2018-05-01,8,27,8,0,19,19,18,7,5,0,0.2963
health5,health_beauty,2018-06-01,10,19,10,0,34,34,18,7,5,0,0.5263
health6,health_beauty,2017-02-01,16,49,16,0,33,33,18,11,2,0,0.3265
health6,health_beauty,2017-03-01,12,33,12,0,21,21,18,11,2,0,0.3636
health6,health_beauty,2017-04-01,13,21,13,0,44,44,18,11,2,0,0.619
health6,health_beauty,2017-06-01,12,44,12,0,32,32,18,11,2,0,0.2727
health6,health_beauty,2017-08-01,20,32,20,0,44,44,18,11,2,0,0.625
health6,health_beauty,2017-10-01,5,44,5,0,39,39,18,11,2,0,0.1136
health6,health_beauty,2017-11-01,18,39,18,0,21,21,18,11,2,0,0.4615
health6,health_beauty,2018-01-01,16,21,16,0,44,44,18,11,2,0,0.7619
health6,health_beauty,2018-02-01,8,44,8,0,36,36,18,11,2,0,0.1818
health6,health_beauty,2018-05-01,21,36,21,0,44,44,18,11,2,0,0.5833
health6,health_beauty,2018-08-01,13,44,13,0,31,31,18,11,2,0,0.2955
health7,health_beauty,2017-02-01,5,83,5,0,78,78,35,18,4,0,0.0602
health7,health_beauty,2017-04-01,12,78,12,0,66,66,35,18,4,0,0.1538
health7,health_beauty,2017-05-01,13,66,13,0,53,53,35,18,4,0,0.197
health7,health_beauty,2017-06-01,7,53,7,0,46,46,35,18,4,0,0.1321
health7,health_beauty,2017-07-01,12,46,12,0,71,71,35,18,4,0,0.2609
health7,health_beauty,2017-08-01,24,71,24,0,47,47,35,18,4,0,0.338
health7,health_beauty,2017-10-01,24,47,24,0,69,69,35,18,4,0,0.5106
health7,health_beauty,2017-11-01,8,69,8,0,61,61,35,18,4,0,0.1159
health7,health_beauty,2017-12-01,16,61,16,0,45,45,35,18,4,0,0.2623
health7,health_beauty,2018-01-01,28,45,28,0,69,69,35,18,4,0,0.6222
health7,health_beauty,2018-04-01,19,69,19,0,50,50,35,18,4,0,0.2754
health7,health_beauty,2018-05-01,58,50,50,8,69,69,35,18,4,1,1.0
health7,health_beauty,2018-06-01,20,69,20,0,49,49,35,18,4,0,0.2899
health7,health_beauty,2018-08-01,12,49,12,0,37,37,35,18,4,0,0.2449
health8,health_beauty,2017-01-01,14,56,14,0,42,42,18,14,1,0,0.25
health8,health_beauty,2017-02-01,16,42,16,0,26,26,18,14,1,0,0.381
health8,health_beauty,2017-03-01,9,26,9,0,51,51,18,14,1,0,0.3462
health8,health_beauty,2017-04-01,16,51,16,0,35,35,18,14,1,0,0.3137
health8,health_beauty,2017-05-01,27,35,27,0,49,49,18,14,1,0,0.7714
health8,health_beauty,2017-07-01,19,49,19,0,30,30,18,14,1,0,0.3878
health8,health_beauty,2017-08-01,10,30,10,0,20,20,18,14,1,0,0.3333
health8,health_beauty,2017-09-01,7,20,7,0,49,49,18,14,1,0,0.35
health8,health_beauty,2017-10-01,16,49,16,0,33,33,18,14,1,0,0.3265
health8,health_beauty,2017-11-01,16,33,16,0,51,51,18,14,1,0,0.4848
health8,health_beauty,2017-12-01,24,51,24,0,27,27,18,14,1,0,0.4706
health8,health_beauty,2018-01-01,13,27,13,0,49,49,18,14,1,0,0.4815
health8,health_beauty,2018-03-01,30,49,30,0,19,19,18,14,1,0,0.6122
health8,health_beauty,2018-04-01,27,19,19,8,49,49,18,14,1,1,1.0
health8,health_beauty,2018-05-01,21,49,21,0,28,28,18,14,1,0,0.4286
health8,health_beauty,2018-07-01,8,28,8,0,20,20,18,14,1,0,0.2857
health8,health_beauty,2018-08-01,17,20,17,0,49,49,18,14,1,0,0.85
health9,health_beauty,2017-01-01,34,43,34,0,36,36,17,10,3,0,0.7907
health9,health_beauty,2017-02-01,7,36,7,0,29,29,17,10,3,0,0.1944
health9,health_beauty,2017-03-01,14,29,14,0,36,36,17,10,3,0,0.4828
health9,health_beauty,2017-04-01,7,36,7,0,29,29,17,10,3,0,0.1944
health9,health_beauty,2017-06-01,6,29,6,0,23,23,17,10,3,0,0.2069
health9,health_beauty,2017-07-01,10,23,10,0,36,36,17,10,3,0,0.4348
health9,health_beauty,2017-08-01,5,36,5,0,31,31,17,10,3,0,0.1389
health9,health_beauty,2017-09-01,5,31,5,0,26,26,17,10,3,0,0.1613
health9,health_beauty,2017-10-01,12,26,12,0,36,36,17,10,3,0,0.4615
health9,health_beauty,2017-12-01,11,36,11,0,25,25,17,10,3,0,0.3056
health9,health_beauty,2018-01-01,8,25,8,0,37,37,17,10,3,0,0.32
health9,health_beauty,2018-02-01,6,37,6,0,31,31,17,10,3,0,0.1622
health9,health_beauty,2018-03-01,7,31,7,0,24,24,17,10,3,0,0.2258
health9,health_beauty,2018-04-01,9,24,9,0,36,36,17,10,3,0,0.375
health9,health_beauty,2018-06-01,13,36,13,0,23,23,17,10,3,0,0.3611
health9,health_beauty,2018-08-01,7,23,7,0,36,36,17,10,3,0,0.3043
perfumery1,perfumery,2017-01-01,18,47,18,0,29,29,17,11,2,0,0.383
perfumery1,perfumery,2017-05-01,28,29,28,0,39,39,17,11,2,0,0.9655
perfumery1,perfumery,2017-07-01,4,39,4,0,35,35,17,11,2,0,0.1026
perfumery1,perfumery,2017-08-01,6,35,6,0,29,29,17,11,2,0,0.1714
perfumery1,perfumery,2017-11-01,11,29,11,0,18,18,17,11,2,0,0.3793
perfumery1,perfumery,2018-01-01,12,18,12,0,39,39,17,11,2,0,0.6667
perfumery1,perfumery,2018-05-01,7,39,7,0,32,32,17,11,2,0,0.1795
perfumery1,perfumery,2018-06-01,9,32,9,0,23,23,17,11,2,0,0.2812
perfumery1,perfumery,2018-07-01,15,23,15,0,39,39,17,11,2,0,0.6522
perfumery2,perfumery,2017-03-01,9,31,9,0,22,22,11,7,2,0,0.2903
perfumery2,perfumery,2017-04-01,5,22,5,0,17,17,11,7,2,0,0.2273
perfumery2,perfumery,2017-05-01,4,17,4,0,13,13,11,7,2,0,0.2353
perfumery2,perfumery,2017-06-01,9,13,9,0,26,26,11,7,2,0,0.6923
perfumery2,perfumery,2017-07-01,10,26,10,0,16,16,11,7,2,0,0.3846
perfumery2,perfumery,2017-08-01,5,16,5,0,27,27,11,7,2,0,0.3125
perfumery2,perfumery,2017-09-01,6,27,6,0,21,21,11,7,2,0,0.2222
perfumery2,perfumery,2017-11-01,4,21,4,0,17,17,11,7,2,0,0.1905
perfumery2,perfumery,2018-01-01,7,17,7,0,26,26,11,7,2,0,0.4118
perfumery2,perfumery,2018-02-01,21,26,21,0,26,26,11,7,2,0,0.8077
perfumery2,perfumery,2018-05-01,8,26,8,0,18,18,11,7,2,0,0.3077
perfumery2,perfumery,2018-06-01,8,18,8,0,26,26,11,7,2,0,0.4444
perfumery2,perfumery,2018-07-01,8,26,8,0,18,18,11,7,2,0,0.3077
perfumery2,perfumery,2018-08-01,7,18,7,0,27,27,11,7,2,0,0.3889
watches1,watches_gifts,2017-01-01,8,41,8,0,33,33,13,10,1,0,0.1951
watches1,watches_gifts,2017-03-01,6,33,6,0,27,27,13,10,1,0,0.1818
watches1,watches_gifts,2017-06-01,21,27,21,0,35,35,13,10,1,0,0.7778
watches1,watches_gifts,2017-07-01,11,35,11,0,24,24,13,10,1,0,0.3143
watches1,watches_gifts,2017-08-01,11,24,11,0,37,37,13,10,1,0,0.4583
watches1,watches_gifts,2017-09-01,13,37,13,0,24,24,13,10,1,0,0.3514
watches1,watches_gifts,2018-01-01,10,24,10,0,14,14,13,10,1,0,0.4167
watches1,watches_gifts,2018-02-01,22,14,14,8,35,35,13,10,1,1,1.0
watches1,watches_gifts,2018-04-01,5,35,5,0,30,30,13,10,1,0,0.1429
watches1,watches_gifts,2018-05-01,17,30,17,0,37,37,13,10,1,0,0.5667
watches1,watches_gifts,2018-06-01,9,37,9,0,28,28,13,10,1,0,0.2432
watches1,watches_gifts,2018-07-01,10,28,10,0,18,18,13,10,1,0,0.3571
watches1,watches_gifts,2018-08-01,15,18,15,0,35,35,13,10,1,0,0.8333
watches2,watches_gifts,2017-01-01,11,54,11,0,43,43,23,11,4,0,0.2037
watches2,watches_gifts,2017-02-01,21,43,21,0,48,48,23,11,4,0,0.4884
watches2,watches_gifts,2017-03-01,11,48,11,0,37,37,23,11,4,0,0.2292
watches2,watches_gifts,2017-05-01,9,37,9,0,28,28,23,11,4,0,0.2432
watches2,watches_gifts,2017-07-01,8,28,8,0,47,47,23,11,4,0,0.2857
watches2,watches_gifts,2017-09-01,28,47,28,0,47,47,23,11,4,0,0.5957
watches2,watches_gifts,2017-10-01,15,47,15,0,32,32,23,11,4,0,0.3191
watches2,watches_gifts,2017-11-01,10,32,10,0,48,48,23,11,4,0,0.3125
watches2,watches_gifts,2018-01-01,9,48,9,0,39,39,23,11,4,0,0.1875
watches2,watches_gifts,2018-02-01,24,39,24,0,47,47,23,11,4,0,0.6154
watches2,watches_gifts,2018-03-01,4,47,4,0,43,43,23,11,4,0,0.0851
watches2,watches_gifts,2018-06-01,10,43,10,0,33,33,23,11,4,0,0.2326
watches2,watches_gifts,2018-07-01,11,33,11,0,48,48,23,11,4,0,0.3333
watches2,watches_gifts,2018-08-01,10,48,10,0,38,38,23,11,4,0,0.2083
watches3,watches_gifts,2017-01-01,6,35,6,0,29,29,13,8,2,0,0.1714
watches3,watches_gifts,2017-02-01,6,29,6,0,23,23,13,8,2,0,0.2069
watches3,watches_gifts,2017-03-01,8,23,8,0,15,15,13,8,2,0,0.3478
watches3,watches_gifts,2017-05-01,9,15,9,0,31,31,13,8,2,0,0.6
watches3,watches_gifts,2017-07-01,12,31,12,0,19,19,13,8,2,0,0.3871
watches3,watches_gifts,2017-08-01,6,19,6,0,32,32,13,8,2,0,0.3158
watches3,watches_gifts,2017-10-01,10,32,10,0,22,22,13,8,2,0,0.3125
watches3,watches_gifts,2017-11-01,19,22,19,0,31,31,13,8,2,0,0.8636
watches3,watches_gifts,2018-01-01,6,31,6,0,25,25,13,8,2,0,0.1935
watches3,watches_gifts,2018-02-01,14,25,14,0,31,31,13,8,2,0,0.56
watches3,watches_gifts,2018-03-01,9,31,9,0,22,22,13,8,2,0,0.2903
watches3,watches_gifts,2018-04-01,13,22,13,0,31,31,13,8,2,0,0.5909
watches3,watches_gifts,2018-06-01,9,31,9,0,22,22,13,8,2,0,0.2903
watches3,watches_gifts,2018-07-01,6,22,6,0,16,16,13,8,2,0,0.2727
watches4,watches_gifts,2017-03-01,15,73,15,0,58,58,34,16,5,0,0.2055
watches4,watches_gifts,2017-05-01,24,58,24,0,64,64,34,16,5,0,0.4138
watches4,watches_gifts,2017-06-01,13,64,13,0,51,51,34,16,5,0,0.2031
watches4,watches_gifts,2017-07-01,4,51,4,0,47,47,34,16,5,0,0.0784
watches4,watches_gifts,2017-09-01,11,47,11,0,36,36,34,16,5,0,0.234
watches4,watches_gifts,2017-10-01,52,36,36,16,61,61,34,16,5,1,1.0
watches4,watches_gifts,2017-12-01,4,61,4,0,57,57,34,16,5,0,0.0656
watches4,watches_gifts,2018-01-01,6,57,6,0,51,51,34,16,5,0,0.1053
watches4,watches_gifts,2018-02-01,14,51,14,0,37,37,34,16,5,0,0.2745
watches4,watches_gifts,2018-03-01,15,37,15,0,61,61,34,16,5,0,0.4054
watches4,watches_gifts,2018-04-01,17,61,17,0,44,44,34,16,5,0,0.2787
watches4,watches_gifts,2018-05-01,8,44,8,0,36,36,34,16,5,0,0.1818
watches4,watches_gifts,2018-06-01,11,36,11,0,61,61,34,16,5,0,0.3056
watches4,watches_gifts,2018-07-01,9,61,9,0,52,52,34,16,5,0,0.1475
watches4,watches_gifts,2018-08-01,21,52,21,0,61,61,34,16,5,0,0.4038
watches5,watches_gifts,2017-01-01,11,53,11,0,42,42,21,12,3,0,0.2075
watches5,watches_gifts,2017-04-01,16,42,16,0,26,26,21,12,3,0,0.381
watches5,watches_gifts,2017-05-01,32,26,26,6,45,45,21,12,3,1,1.0
watches5,watches_gifts,2017-06-01,13,45,13,0,32,32,21,12,3,0,0.2889
watches5,watches_gifts,2017-09-01,9,32,9,0,23,23,21,12,3,0,0.2812
watches5,watches_gifts,2017-11-01,11,23,11,0,45,45,21,12,3,0,0.4783
watches5,watches_gifts,2018-03-01,10,45,10,0,35,35,21,12,3,0,0.2222
watches5,watches_gifts,2018-04-01,7,35,7,0,28,28,21,12,3,0,0.2
watches5,watches_gifts,2018-05-01,6,28,6,0,22,22,21,12,3,0,0.2143
watches5,watches_gifts,2018-06-01,13,22,13,0,45,45,21,12,3,0,0.5909
watches5,watches_gifts,2018-07-01,15,45,15,0,30,30,21,12,3,0,0.3333
watches6,watches_gifts,2017-01-01,7,45,7,0,38,38,15,11,1,0,0.1556
watches6,watches_gifts,2017-02-01,15,38,15,0,23,23,15,11,1,0,0.3947
watches6,watches_gifts,2017-04-01,21,23,21,0,39,39,15,11,1,0,0.913
watches6,watches_gifts,2017-05-01,28,39,28,0,39,39,15,11,1,0,0.7179
watches6,watches_gifts,2017-08-01,2,39,2,0,37,37,15,11,1,0,0.0513
watches6,watches_gifts,2017-09-01,15,37,15,0,22,22,15,11,1,0,0.4054
watches6,watches_gifts,2017-10-01,13,22,13,0,39,39,15,11,1,0,0.5909
watches6,watches_gifts,2017-11-01,14,39,14,0,25,25,15,11,1,0,0.359
watches6,watches_gifts,2017-12-01,16,25,16,0,39,39,15,11,1,0,0.64
watches6,watches_gifts,2018-01-01,15,39,15,0,24,24,15,11,1,0,0.3846
watches6,watches_gifts,2018-03-01,10,24,10,0,40,40,15,11,1,0,0.4167
watches6,watches_gifts,2018-04-01,11,40,11,0,29,29,15,11,1,0,0.275
watches6,watches_gifts,2018-05-01,11,29,11,0,18,18,15,11,1,0,0.3793
watches6,watches_gifts,2018-06-01,11,18,11,0,39,39,15,11,1,0,0.6111
watches6,watches_gifts,2018-07-01,9,39,9,0,30,30,15,11,1,0,0.2308
watches6,watches_gifts,2018-08-01,14,30,14,0,16,16,15,11,1,0,0.4667
watches7,watches_gifts,2017-01-01,14,63,14,0,49,49,27,14,4,0,0.2222
watches7,watches_gifts,2017-04-01,17,49,17,0,32,32,27,14,4,0,0.3469
watches7,watches_gifts,2017-07-01,12,32,12,0,53,53,27,14,4,0,0.375
watches7,watches_gifts,2017-08-01,11,53,11,0,42,42,27,14,4,0,0.2075
watches7,watches_gifts,2017-09-01,9,42,9,0,33,33,27,14,4,0,0.2143
watches7,watches_gifts,2017-11-01,15,33,15,0,53,53,27,14,4,0,0.4545
watches7,watches_gifts,2017-12-01,41,53,41,0,53,53,27,14,4,0,0.7736
watches7,watches_gifts,2018-01-01,12,53,12,0,41,41,27,14,4,0,0.2264
watches7,watches_gifts,2018-03-01,4,41,4,0,37,37,27,14,4,0,0.0976
watches7,watches_gifts,2018-06-01,7,37,7,0,30,30,27,14,4,0,0.1892
watches7,watches_gifts,2018-08-01,11,30,11,0,53,53,27,14,4,0,0.3667
watches8,watches_gifts,2017-02-01,17,75,17,0,58,58,27,17,2,0,0.2267
watches8,watches_gifts,2017-03-01,14,58,14,0,44,44,27,17,2,0,0.2414
watches8,watches_gifts,2017-06-01,24,44,24,0,64,64,27,17,2,0,0.5455
watches8,watches_gifts,2017-08-01,15,64,15,0,49,49,27,17,2,0,0.2344
watches8,watches_gifts,2017-09-01,7,49,7,0,42,42,27,17,2,0,0.1429
watches8,watches_gifts,2017-10-01,42,42,42,0,64,64,27,17,2,0,1.0
watches8,watches_gifts,2017-11-01,10,64,10,0,54,54,27,17,2,0,0.1562
watches8,watches_gifts,2018-01-01,10,54,10,0,44,44,27,17,2,0,0.1852
watches8,watches_gifts,2018-02-01,24,44,24,0,64,64,27,17,2,0,0.5455
watches8,watches_gifts,2018-04-01,9,64,9,0,55,55,27,17,2,0,0.1406
watches8,watches_gifts,2018-05-01,23,55,23,0,32,32,27,17,2,0,0.4182
watches8,watches_gifts,2018-06-01,26,32,26,0,64,64,27,17,2,0,0.8125
watches8,watches_gifts,2018-07-01,35,64,35,0,29,29,27,17,2,0,0.5469
watches8,watches_gifts,2018-08-01,27,29,27,0,64,64,27,17,2,0,0.931
