product_id,product_category_name,unit_cost,cost_ratio_to_median_price,supplier_id,min_order_qty,holding_cost_per_unit_month,stockout_penalty_per_unit
bed1,bed_bath_table,142.61,0.56,SUP-05,31,2.57,49.91
bed2,bed_bath_table,33.71,0.592,SUP-01,34,0.61,11.8
bed3,bed_bath_table,67.62,0.552,SUP-05,25,1.22,23.67
bed4,bed_bath_table,30.92,0.584,SUP-01,36,0.56,10.82
bed5,bed_bath_table,70.72,0.544,SUP-05,36,1.27,24.75
computers1,computers_accessories,128.9,0.62,SUP-02,30,2.32,45.12
computers2,computers_accessories,50.0,0.628,SUP-04,23,0.9,17.5
computers3,computers_accessories,49.84,0.636,SUP-06,20,0.9,17.44
computers4,computers_accessories,77.57,0.644,SUP-08,18,1.4,27.15
computers5,computers_accessories,37.94,0.652,SUP-02,68,0.68,13.28
computers6,computers_accessories,83.78,0.588,SUP-04,26,1.51,29.32
consoles1,consoles_games,58.45,0.672,SUP-07,43,1.05,20.46
consoles2,consoles_games,174.4,0.672,SUP-08,30,3.14,61.04
cool1,cool_stuff,57.46,0.572,SUP-04,29,1.03,20.11
cool2,cool_stuff,62.35,0.54,SUP-01,23,1.12,21.82
cool3,cool_stuff,29.22,0.508,SUP-06,43,0.53,10.23
cool4,cool_stuff,62.63,0.548,SUP-03,52,1.13,21.92
cool5,cool_stuff,10.43,0.516,SUP-08,81,0.19,3.65
furniture1,furniture_decor,19.72,0.596,SUP-06,29,0.35,6.9
furniture2,furniture_decor,76.29,0.604,SUP-08,24,1.37,26.7
furniture3,furniture_decor,54.37,0.612,SUP-02,22,0.98,19.03
furniture4,furniture_decor,53.75,0.548,SUP-04,37,0.97,18.81
garden1,garden_tools,42.99,0.518,SUP-04,30,0.77,15.05
garden10,garden_tools,42.59,0.566,SUP-04,25,0.77,14.91
garden2,garden_tools,46.01,0.574,SUP-03,25,0.83,16.1
garden3,garden_tools,44.05,0.558,SUP-02,21,0.79,15.42
garden4,garden_tools,18.12,0.542,SUP-01,28,0.33,6.34
garden5,garden_tools,44.44,0.526,SUP-08,32,0.8,15.55
garden6,garden_tools,52.5,0.582,SUP-07,30,0.94,18.38
garden7,garden_tools,72.1,0.566,SUP-06,28,1.3,25.23
garden8,garden_tools,33.45,0.55,SUP-05,32,0.6,11.71
garden9,garden_tools,42.18,0.534,SUP-04,33,0.76,14.76
health1,health_beauty,34.42,0.464,SUP-01,30,0.62,12.05
health10,health_beauty,41.71,0.512,SUP-01,29,0.75,14.6
health2,health_beauty,37.06,0.448,SUP-08,28,0.67,12.97
health3,health_beauty,20.88,0.504,SUP-07,28,0.38,7.31
health4,health_beauty,49.56,0.488,SUP-06,31,0.89,17.35
health5,health_beauty,63.75,0.472,SUP-05,18,1.15,22.31
health6,health_beauty,34.96,0.456,SUP-04,28,0.63,12.24
health7,health_beauty,18.34,0.512,SUP-03,37,0.33,6.42
health8,health_beauty,14.16,0.496,SUP-02,34,0.25,4.96
health9,health_beauty,34.11,0.48,SUP-01,20,0.61,11.94
perfumery1,perfumery,37.92,0.444,SUP-06,24,0.68,13.27
perfumery2,perfumery,70.35,0.452,SUP-08,16,1.27,24.62
watches1,watches_gifts,115.96,0.578,SUP-05,24,2.09,40.59
watches2,watches_gifts,149.55,0.57,SUP-05,26,2.69,52.34
watches3,watches_gifts,85.71,0.562,SUP-05,19,1.54,30.0
watches4,watches_gifts,96.12,0.554,SUP-05,30,1.73,33.64
watches5,watches_gifts,105.06,0.546,SUP-05,26,1.89,36.77
watches6,watches_gifts,56.28,0.538,SUP-05,26,1.01,19.7
watches7,watches_gifts,81.01,0.602,SUP-05,28,1.46,28.35
watches8,watches_gifts,252.32,0.594,SUP-05,40,4.54,88.31
