purchase_order_id,product_id,product_category_name,order_date,arrival_date,quantity_ordered,supplier_id,lead_time_weeks,unit_cost
PO-00191,health9,health_beauty,2017-01-04,2017-01-25,27,SUP-01,3,34.11
PO-00212,watches2,watches_gifts,2017-02-04,2017-03-04,26,SUP-05,4,149.55
PO-00001,bed1,bed_bath_table,2017-03-04,2017-03-18,53,SUP-05,2,142.61
PO-00033,computers3,computers_accessories,2017-03-04,2017-03-18,21,SUP-06,2,49.84
PO-00060,cool1,cool_stuff,2017-03-04,2017-03-18,33,SUP-04,2,57.46
PO-00110,garden2,garden_tools,2017-03-04,2017-04-08,46,SUP-03,5,46.01
PO-00165,health4,health_beauty,2017-03-04,2017-03-25,31,SUP-06,3,49.56
PO-00184,health8,health_beauty,2017-03-04,2017-03-11,34,SUP-02,1,14.16
PO-00192,health9,health_beauty,2017-03-04,2017-03-25,21,SUP-01,3,34.11
PO-00009,bed3,bed_bath_table,2017-04-04,2017-05-09,31,SUP-05,5,67.62
PO-00054,consoles2,consoles_games,2017-04-04,2017-04-18,35,SUP-08,2,174.4
PO-00082,furniture1,furniture_decor,2017-04-04,2017-05-09,41,SUP-06,5,19.72
PO-00091,furniture3,furniture_decor,2017-04-04,2017-05-09,34,SUP-02,5,54.37
PO-00125,garden5,garden_tools,2017-04-04,2017-04-11,33,SUP-08,1,44.44
PO-00130,garden6,garden_tools,2017-04-04,2017-04-25,51,SUP-07,3,52.5
PO-00137,garden8,garden_tools,2017-04-04,2017-04-18,36,SUP-05,2,33.45
PO-00146,health1,health_beauty,2017-04-04,2017-04-18,38,SUP-01,2,34.42
PO-00151,health10,health_beauty,2017-04-04,2017-04-11,36,SUP-01,1,41.71
PO-00171,health5,health_beauty,2017-04-04,2017-05-09,24,SUP-05,5,63.75
PO-00176,health6,health_beauty,2017-04-04,2017-04-18,36,SUP-04,2,34.96
PO-00231,watches6,watches_gifts,2017-04-04,2017-04-11,37,SUP-05,1,56.28
PO-00015,bed4,bed_bath_table,2017-05-04,2017-06-01,42,SUP-01,4,30.92
PO-00020,bed5,bed_bath_table,2017-05-04,2017-05-25,62,SUP-05,3,70.72
PO-00024,computers1,computers_accessories,2017-05-04,2017-05-18,30,SUP-02,2,128.9
PO-00029,computers2,computers_accessories,2017-05-04,2017-05-18,23,SUP-04,2,50.0
PO-00047,computers6,computers_accessories,2017-05-04,2017-05-18,36,SUP-04,2,83.78
PO-00065,cool2,cool_stuff,2017-05-04,2017-05-18,30,SUP-01,2,62.35
PO-00086,furniture2,furniture_decor,2017-05-04,2017-06-08,27,SUP-08,5,76.29
PO-00106,garden10,garden_tools,2017-05-04,2017-05-18,25,SUP-04,2,42.59
PO-00141,garden9,garden_tools,2017-05-04,2017-06-01,33,SUP-04,4,42.18
PO-00156,health2,health_beauty,2017-05-04,2017-06-01,32,SUP-08,4,37.06
PO-00166,health4,health_beauty,2017-05-04,2017-05-25,33,SUP-06,3,49.56
PO-00185,health8,health_beauty,2017-05-04,2017-05-11,41,SUP-02,1,14.16
PO-00198,perfumery1,perfumery,2017-05-04,2017-05-18,38,SUP-06,2,37.92
PO-00218,watches3,watches_gifts,2017-05-04,2017-05-18,25,SUP-05,2,85.71
PO-00223,watches4,watches_gifts,2017-05-04,2017-06-08,30,SUP-05,5,96.12
PO-00228,watches5,watches_gifts,2017-05-04,2017-05-25,45,SUP-05,3,105.06
PO-00232,watches6,watches_gifts,2017-05-04,2017-05-11,28,SUP-05,1,56.28
PO-00010,bed3,bed_bath_table,2017-06-04,2017-07-09,25,SUP-05,5,67.62
PO-00069,cool3,cool_stuff,2017-06-04,2017-06-18,55,SUP-06,2,29.22
PO-00073,cool4,cool_stuff,2017-06-04,2017-06-18,65,SUP-03,2,62.63
PO-00092,furniture3,furniture_decor,2017-06-04,2017-07-09,22,SUP-02,5,54.37
PO-00111,garden2,garden_tools,2017-06-04,2017-07-09,28,SUP-03,5,46.01
PO-00131,garden6,garden_tools,2017-06-04,2017-06-25,30,SUP-07,3,52.5
PO-00147,health1,health_beauty,2017-06-04,2017-06-18,30,SUP-01,2,34.42
PO-00160,health3,health_beauty,2017-06-04,2017-06-11,28,SUP-07,1,20.88
PO-00201,perfumery2,perfumery,2017-06-04,2017-06-18,22,SUP-08,2,70.35
PO-00207,watches1,watches_gifts,2017-06-04,2017-06-11,29,SUP-05,1,115.96
PO-00241,watches8,watches_gifts,2017-06-04,2017-06-18,44,SUP-05,2,252.32
PO-00002,bed1,bed_bath_table,2017-07-04,2017-07-18,35,SUP-05,2,142.61
PO-00038,computers4,computers_accessories,2017-07-04,2017-07-18,18,SUP-08,2,77.57
PO-00096,furniture4,furniture_decor,2017-07-04,2017-08-08,37,SUP-04,5,53.75
PO-00102,garden1,garden_tools,2017-07-04,2017-07-25,30,SUP-04,3,42.99
PO-00116,garden3,garden_tools,2017-07-04,2017-07-18,21,SUP-02,2,44.05
PO-00120,garden4,garden_tools,2017-07-04,2017-08-01,29,SUP-01,4,18.12
PO-00142,garden9,garden_tools,2017-07-04,2017-08-01,45,SUP-04,4,42.18
PO-00172,health5,health_beauty,2017-07-04,2017-08-08,29,SUP-05,5,63.75
PO-00180,health7,health_beauty,2017-07-04,2017-08-01,37,SUP-03,4,18.34
PO-00193,health9,health_beauty,2017-07-04,2017-07-25,23,SUP-01,3,34.11
PO-00213,watches2,watches_gifts,2017-07-04,2017-08-01,27,SUP-05,4,149.55
PO-00237,watches7,watches_gifts,2017-07-04,2017-08-01,33,SUP-05,4,81.01
PO-00006,bed2,bed_bath_table,2017-08-04,2017-08-11,36,SUP-01,1,33.71
PO-00030,computers2,computers_accessories,2017-08-04,2017-08-18,26,SUP-04,2,50.0
PO-00042,computers5,computers_accessories,2017-08-04,2017-08-18,87,SUP-02,2,37.94
PO-00050,consoles1,consoles_games,2017-08-04,2017-08-25,44,SUP-07,3,58.45
PO-00055,consoles2,consoles_games,2017-08-04,2017-08-18,41,SUP-08,2,174.4
PO-00061,cool1,cool_stuff,2017-08-04,2017-08-18,32,SUP-04,2,57.46
PO-00078,cool5,cool_stuff,2017-08-04,2017-08-18,85,SUP-08,2,10.43
PO-00126,garden5,garden_tools,2017-08-04,2017-08-11,40,SUP-08,1,44.44
PO-00134,garden7,garden_tools,2017-08-04,2017-09-08,44,SUP-06,5,72.1
PO-00148,health1,health_beauty,2017-08-04,2017-08-18,38,SUP-01,2,34.42
PO-00152,health10,health_beauty,2017-08-04,2017-08-11,38,SUP-01,1,41.71
PO-00177,health6,health_beauty,2017-08-04,2017-08-18,32,SUP-04,2,34.96
PO-00202,perfumery2,perfumery,2017-08-04,2017-08-18,16,SUP-08,2,70.35
PO-00208,watches1,watches_gifts,2017-08-04,2017-08-11,24,SUP-05,1,115.96
PO-00219,watches3,watches_gifts,2017-08-04,2017-08-18,19,SUP-05,2,85.71
PO-00070,cool3,cool_stuff,2017-09-04,2017-09-18,46,SUP-06,2,29.22
PO-00074,cool4,cool_stuff,2017-09-04,2017-09-18,53,SUP-03,2,62.63
PO-00097,furniture4,furniture_decor,2017-09-04,2017-10-09,54,SUP-04,5,53.75
PO-00112,garden2,garden_tools,2017-09-04,2017-10-09,25,SUP-03,5,46.01
PO-00143,garden9,garden_tools,2017-09-04,2017-10-02,33,SUP-04,4,42.18
PO-00186,health8,health_beauty,2017-09-04,2017-09-11,36,SUP-02,1,14.16
PO-00214,watches2,watches_gifts,2017-09-04,2017-10-02,28,SUP-05,4,149.55
PO-00016,bed4,bed_bath_table,2017-10-04,2017-11-01,36,SUP-01,4,30.92
PO-00025,computers1,computers_accessories,2017-10-04,2017-10-18,38,SUP-02,2,128.9
PO-00031,computers2,computers_accessories,2017-10-04,2017-10-18,32,SUP-04,2,50.0
PO-00034,computers3,computers_accessories,2017-10-04,2017-10-18,24,SUP-06,2,49.84
PO-00066,cool2,cool_stuff,2017-10-04,2017-10-18,28,SUP-01,2,62.35
PO-00083,furniture1,furniture_decor,2017-10-04,2017-11-08,39,SUP-06,5,19.72
PO-00157,health2,health_beauty,2017-10-04,2017-11-01,28,SUP-08,4,37.06
PO-00161,health3,health_beauty,2017-10-04,2017-10-11,28,SUP-07,1,20.88
PO-00173,health5,health_beauty,2017-10-04,2017-11-08,18,SUP-05,5,63.75
PO-00181,health7,health_beauty,2017-10-04,2017-11-01,46,SUP-03,4,18.34
PO-00194,health9,health_beauty,2017-10-04,2017-10-25,22,SUP-01,3,34.11
PO-00224,watches4,watches_gifts,2017-10-04,2017-11-08,61,SUP-05,5,96.12
PO-00233,watches6,watches_gifts,2017-10-04,2017-10-11,30,SUP-05,1,56.28
PO-00242,watches8,watches_gifts,2017-10-04,2017-10-18,64,SUP-05,2,252.32
PO-00011,bed3,bed_bath_table,2017-11-04,2017-12-09,25,SUP-05,5,67.62
PO-00021,bed5,bed_bath_table,2017-11-04,2017-11-25,47,SUP-05,3,70.72
PO-00026,computers1,computers_accessories,2017-11-04,2017-11-18,38,SUP-02,2,128.9
PO-00056,consoles2,consoles_games,2017-11-04,2017-11-18,41,SUP-08,2,174.4
PO-00079,cool5,cool_stuff,2017-11-04,2017-11-18,100,SUP-08,2,10.43
PO-00087,furniture2,furniture_decor,2017-11-04,2017-12-09,24,SUP-08,5,76.29
PO-00103,garden1,garden_tools,2017-11-04,2017-11-25,32,SUP-04,3,42.99
PO-00107,garden10,garden_tools,2017-11-04,2017-11-18,29,SUP-04,2,42.59
PO-00113,garden2,garden_tools,2017-11-04,2017-12-09,25,SUP-03,5,46.01
PO-00117,garden3,garden_tools,2017-11-04,2017-11-18,29,SUP-02,2,44.05
PO-00121,garden4,garden_tools,2017-11-04,2017-12-02,42,SUP-01,4,18.12
PO-00132,garden6,garden_tools,2017-11-04,2017-11-25,30,SUP-07,3,52.5
PO-00153,health10,health_beauty,2017-11-04,2017-11-11,45,SUP-01,1,41.71
PO-00158,health2,health_beauty,2017-11-04,2017-12-02,32,SUP-08,4,37.06
PO-00167,health4,health_beauty,2017-11-04,2017-11-25,31,SUP-06,3,49.56
PO-00187,health8,health_beauty,2017-11-04,2017-11-11,34,SUP-02,1,14.16
PO-00215,watches2,watches_gifts,2017-11-04,2017-12-02,26,SUP-05,4,149.55
PO-00220,watches3,watches_gifts,2017-11-04,2017-11-18,28,SUP-05,2,85.71
PO-00229,watches5,watches_gifts,2017-11-04,2017-11-25,33,SUP-05,3,105.06
PO-00238,watches7,watches_gifts,2017-11-04,2017-12-02,35,SUP-05,4,81.01
PO-00003,bed1,bed_bath_table,2017-12-04,2017-12-18,36,SUP-05,2,142.61
PO-00039,computers4,computers_accessories,2017-12-04,2017-12-18,27,SUP-08,2,77.57
PO-00043,computers5,computers_accessories,2017-12-04,2017-12-18,72,SUP-02,2,37.94
PO-00048,computers6,computers_accessories,2017-12-04,2017-12-18,32,SUP-04,2,83.78
PO-00080,cool5,cool_stuff,2017-12-04,2017-12-18,135,SUP-08,2,10.43
PO-00093,furniture3,furniture_decor,2017-12-04,2018-01-08,25,SUP-02,5,54.37
PO-00098,furniture4,furniture_decor,2017-12-04,2018-01-08,38,SUP-04,5,53.75
PO-00127,garden5,garden_tools,2017-12-04,2017-12-11,32,SUP-08,1,44.44
PO-00162,health3,health_beauty,2017-12-04,2017-12-11,42,SUP-07,1,20.88
PO-00234,watches6,watches_gifts,2017-12-04,2017-12-11,30,SUP-05,1,56.28
PO-00239,watches7,watches_gifts,2017-12-04,2018-01-01,41,SUP-05,4,81.01
PO-00004,bed1,bed_bath_table,2018-01-04,2018-01-18,39,SUP-05,2,142.61
PO-00007,bed2,bed_bath_table,2018-01-04,2018-01-11,35,SUP-01,1,33.71
PO-00035,computers3,computers_accessories,2018-01-04,2018-01-18,20,SUP-06,2,49.84
PO-00051,consoles1,consoles_games,2018-01-04,2018-01-25,74,SUP-07,3,58.45
PO-00088,furniture2,furniture_decor,2018-01-04,2018-02-08,24,SUP-08,5,76.29
PO-00099,furniture4,furniture_decor,2018-01-04,2018-02-08,51,SUP-04,5,53.75
PO-00118,garden3,garden_tools,2018-01-04,2018-01-18,24,SUP-02,2,44.05
PO-00122,garden4,garden_tools,2018-01-04,2018-02-01,30,SUP-01,4,18.12
PO-00138,garden8,garden_tools,2018-01-04,2018-01-18,40,SUP-05,2,33.45
PO-00149,health1,health_beauty,2018-01-04,2018-01-18,42,SUP-01,2,34.42
PO-00178,health6,health_beauty,2018-01-04,2018-01-18,39,SUP-04,2,34.96
PO-00182,health7,health_beauty,2018-01-04,2018-02-01,52,SUP-03,4,18.34
PO-00188,health8,health_beauty,2018-01-04,2018-01-11,35,SUP-02,1,14.16
PO-00195,health9,health_beauty,2018-01-04,2018-01-25,20,SUP-01,3,34.11
PO-00199,perfumery1,perfumery,2018-01-04,2018-01-18,33,SUP-06,2,37.92
PO-00203,perfumery2,perfumery,2018-01-04,2018-01-18,16,SUP-08,2,70.35
PO-00012,bed3,bed_bath_table,2018-02-04,2018-03-11,28,SUP-05,5,67.62
PO-00040,computers4,computers_accessories,2018-02-04,2018-02-18,21,SUP-08,2,77.57
PO-00044,computers5,computers_accessories,2018-02-04,2018-02-18,74,SUP-02,2,37.94
PO-00057,consoles2,consoles_games,2018-02-04,2018-02-18,43,SUP-08,2,174.4
PO-00062,cool1,cool_stuff,2018-02-04,2018-02-18,34,SUP-04,2,57.46
PO-00075,cool4,cool_stuff,2018-02-04,2018-02-18,83,SUP-03,2,62.63
PO-00104,garden1,garden_tools,2018-02-04,2018-02-25,57,SUP-04,3,42.99
PO-00108,garden10,garden_tools,2018-02-04,2018-02-18,33,SUP-04,2,42.59
PO-00133,garden6,garden_tools,2018-02-04,2018-02-25,30,SUP-07,3,52.5
PO-00163,health3,health_beauty,2018-02-04,2018-02-11,28,SUP-07,1,20.88
PO-00168,health4,health_beauty,2018-02-04,2018-02-25,43,SUP-06,3,49.56
PO-00174,health5,health_beauty,2018-02-04,2018-03-11,24,SUP-05,5,63.75
PO-00204,perfumery2,perfumery,2018-02-04,2018-02-18,21,SUP-08,2,70.35
PO-00209,watches1,watches_gifts,2018-02-04,2018-02-11,35,SUP-05,1,115.96
PO-00216,watches2,watches_gifts,2018-02-04,2018-03-04,32,SUP-05,4,149.55
PO-00221,watches3,watches_gifts,2018-02-04,2018-02-18,20,SUP-05,2,85.71
PO-00243,watches8,watches_gifts,2018-02-04,2018-02-18,44,SUP-05,2,252.32
PO-00008,bed2,bed_bath_table,2018-03-04,2018-03-11,57,SUP-01,1,33.71
PO-00017,bed4,bed_bath_table,2018-03-04,2018-04-01,65,SUP-01,4,30.92
PO-00022,bed5,bed_bath_table,2018-03-04,2018-03-25,36,SUP-05,3,70.72
PO-00027,computers1,computers_accessories,2018-03-04,2018-03-18,33,SUP-02,2,128.9
PO-00114,garden2,garden_tools,2018-03-04,2018-04-08,25,SUP-03,5,46.01
PO-00135,garden7,garden_tools,2018-03-04,2018-04-08,31,SUP-06,5,72.1
PO-00144,garden9,garden_tools,2018-03-04,2018-04-01,42,SUP-04,4,42.18
PO-00150,health1,health_beauty,2018-03-04,2018-03-18,38,SUP-01,2,34.42
PO-00154,health10,health_beauty,2018-03-04,2018-03-11,40,SUP-01,1,41.71
PO-00225,watches4,watches_gifts,2018-03-04,2018-04-08,39,SUP-05,5,96.12
PO-00235,watches6,watches_gifts,2018-03-04,2018-03-11,26,SUP-05,1,56.28
PO-00013,bed3,bed_bath_table,2018-04-04,2018-05-09,34,SUP-05,5,67.62
PO-00045,computers5,computers_accessories,2018-04-04,2018-04-18,68,SUP-02,2,37.94
PO-00052,consoles1,consoles_games,2018-04-04,2018-04-25,62,SUP-07,3,58.45
PO-00058,consoles2,consoles_games,2018-04-04,2018-04-18,31,SUP-08,2,174.4
PO-00063,cool1,cool_stuff,2018-04-04,2018-04-18,37,SUP-04,2,57.46
PO-00067,cool2,cool_stuff,2018-04-04,2018-04-18,23,SUP-01,2,62.35
PO-00084,furniture1,furniture_decor,2018-04-04,2018-05-09,59,SUP-06,5,19.72
PO-00089,furniture2,furniture_decor,2018-04-04,2018-05-09,27,SUP-08,5,76.29
PO-00094,furniture3,furniture_decor,2018-04-04,2018-05-09,22,SUP-02,5,54.37
PO-00100,furniture4,furniture_decor,2018-04-04,2018-05-09,37,SUP-04,5,53.75
PO-00123,garden4,garden_tools,2018-04-04,2018-05-02,42,SUP-01,4,18.12
PO-00128,garden5,garden_tools,2018-04-04,2018-04-11,39,SUP-08,1,44.44
PO-00139,garden8,garden_tools,2018-04-04,2018-04-18,45,SUP-05,2,33.45
PO-00169,health4,health_beauty,2018-04-04,2018-04-25,38,SUP-06,3,49.56
PO-00189,health8,health_beauty,2018-04-04,2018-04-11,49,SUP-02,1,14.16
PO-00196,health9,health_beauty,2018-04-04,2018-04-25,21,SUP-01,3,34.11
PO-00222,watches3,watches_gifts,2018-04-04,2018-04-18,22,SUP-05,2,85.71
PO-00032,computers2,computers_accessories,2018-05-04,2018-05-18,23,SUP-04,2,50.0
PO-00036,computers3,computers_accessories,2018-05-04,2018-05-18,28,SUP-06,2,49.84
PO-00041,computers4,computers_accessories,2018-05-04,2018-05-18,29,SUP-08,2,77.57
PO-00049,computers6,computers_accessories,2018-05-04,2018-05-18,39,SUP-04,2,83.78
PO-00071,cool3,cool_stuff,2018-05-04,2018-05-18,72,SUP-06,2,29.22
PO-00076,cool4,cool_stuff,2018-05-04,2018-05-18,52,SUP-03,2,62.63
PO-00109,garden10,garden_tools,2018-05-04,2018-05-18,25,SUP-04,2,42.59
PO-00119,garden3,garden_tools,2018-05-04,2018-05-18,35,SUP-02,2,44.05
PO-00145,garden9,garden_tools,2018-05-04,2018-06-01,43,SUP-04,4,42.18
PO-00179,health6,health_beauty,2018-05-04,2018-05-18,29,SUP-04,2,34.96
PO-00183,health7,health_beauty,2018-05-04,2018-06-01,69,SUP-03,4,18.34
PO-00210,watches1,watches_gifts,2018-05-04,2018-05-11,24,SUP-05,1,115.96
PO-00005,bed1,bed_bath_table,2018-06-04,2018-06-18,31,SUP-05,2,142.61
PO-00018,bed4,bed_bath_table,2018-06-04,2018-07-02,43,SUP-01,4,30.92
PO-00053,consoles1,consoles_games,2018-06-04,2018-06-25,45,SUP-07,3,58.45
PO-00059,consoles2,consoles_games,2018-06-04,2018-06-18,32,SUP-08,2,174.4
PO-00068,cool2,cool_stuff,2018-06-04,2018-06-18,23,SUP-01,2,62.35
PO-00072,cool3,cool_stuff,2018-06-04,2018-06-18,74,SUP-06,2,29.22
PO-00090,furniture2,furniture_decor,2018-06-04,2018-07-09,24,SUP-08,5,76.29
PO-00105,garden1,garden_tools,2018-06-04,2018-06-25,35,SUP-04,3,42.99
PO-00115,garden2,garden_tools,2018-06-04,2018-07-09,25,SUP-03,5,46.01
PO-00136,garden7,garden_tools,2018-06-04,2018-07-09,28,SUP-06,5,72.1
PO-00164,health3,health_beauty,2018-06-04,2018-06-11,35,SUP-07,1,20.88
PO-00175,health5,health_beauty,2018-06-04,2018-07-09,25,SUP-05,5,63.75
PO-00205,perfumery2,perfumery,2018-06-04,2018-06-18,16,SUP-08,2,70.35
PO-00226,watches4,watches_gifts,2018-06-04,2018-07-09,36,SUP-05,5,96.12
PO-00230,watches5,watches_gifts,2018-06-04,2018-06-25,36,SUP-05,3,105.06
PO-00236,watches6,watches_gifts,2018-06-04,2018-06-11,32,SUP-05,1,56.28
PO-00244,watches8,watches_gifts,2018-06-04,2018-06-18,58,SUP-05,2,252.32
PO-00014,bed3,bed_bath_table,2018-07-04,2018-08-08,25,SUP-05,5,67.62
PO-00028,computers1,computers_accessories,2018-07-04,2018-07-18,35,SUP-02,2,128.9
PO-00037,computers3,computers_accessories,2018-07-04,2018-07-18,22,SUP-06,2,49.84
PO-00046,computers5,computers_accessories,2018-07-04,2018-07-18,85,SUP-02,2,37.94
PO-00064,cool1,cool_stuff,2018-07-04,2018-07-18,45,SUP-04,2,57.46
PO-00077,cool4,cool_stuff,2018-07-04,2018-07-18,87,SUP-03,2,62.63
PO-00081,cool5,cool_stuff,2018-07-04,2018-07-18,131,SUP-08,2,10.43
PO-00095,furniture3,furniture_decor,2018-07-04,2018-08-08,29,SUP-02,5,54.37
PO-00101,furniture4,furniture_decor,2018-07-04,2018-08-08,37,SUP-04,5,53.75
PO-00140,garden8,garden_tools,2018-07-04,2018-07-18,44,SUP-05,2,33.45
PO-00155,health10,health_beauty,2018-07-04,2018-07-11,32,SUP-01,1,41.71
PO-00170,health4,health_beauty,2018-07-04,2018-07-25,44,SUP-06,3,49.56
PO-00200,perfumery1,perfumery,2018-07-04,2018-07-18,31,SUP-06,2,37.92
PO-00217,watches2,watches_gifts,2018-07-04,2018-08-01,26,SUP-05,4,149.55
PO-00019,bed4,bed_bath_table,2018-08-04,2018-09-01,40,SUP-01,4,30.92
PO-00023,bed5,bed_bath_table,2018-08-04,2018-08-25,49,SUP-05,3,70.72
PO-00085,furniture1,furniture_decor,2018-08-04,2018-09-08,29,SUP-06,5,19.72
PO-00124,garden4,garden_tools,2018-08-04,2018-09-01,34,SUP-01,4,18.12
PO-00129,garden5,garden_tools,2018-08-04,2018-08-11,40,SUP-08,1,44.44
PO-00159,health2,health_beauty,2018-08-04,2018-09-01,41,SUP-08,4,37.06
PO-00190,health8,health_beauty,2018-08-04,2018-08-11,46,SUP-02,1,14.16
PO-00197,health9,health_beauty,2018-08-04,2018-08-25,20,SUP-01,3,34.11
PO-00206,perfumery2,perfumery,2018-08-04,2018-08-18,16,SUP-08,2,70.35
PO-00211,watches1,watches_gifts,2018-08-04,2018-08-11,32,SUP-05,1,115.96
PO-00227,watches4,watches_gifts,2018-08-04,2018-09-08,30,SUP-05,5,96.12
PO-00240,watches7,watches_gifts,2018-08-04,2018-09-01,34,SUP-05,4,81.01
PO-00245,watches8,watches_gifts,2018-08-04,2018-08-18,62,SUP-05,2,252.32
